cumplimientoEntregas,calidad,costos,tiempoRespuesta,incidencias,riesgo
98,95,92,96,97,Bajo
95,93,90,94,92,Bajo
92,90,88,91,89,Bajo
90,87,85,88,86,Bajo
88,86,84,85,83,Bajo
86,84,82,83,80,Bajo
84,82,80,81,78,Bajo
82,80,79,79,76,Bajo
80,78,77,78,74,Medio
78,76,75,75,72,Medio
76,74,73,72,70,Medio
74,72,71,70,68,Medio
72,70,69,68,65,Medio
70,68,67,66,63,Medio
68,66,65,64,60,Medio
66,64,63,62,58,Medio
64,62,61,60,55,Alto
62,60,59,58,53,Alto
60,58,57,56,50,Alto
58,56,55,54,48,Alto
56,54,53,52,46,Alto
54,52,51,50,44,Alto
52,50,49,48,42,Alto
50,48,47,46,40,Alto
48,46,45,44,38,Alto
46,44,43,42,36,Alto
44,42,41,40,34,Alto
42,40,39,38,32,Alto
40,38,37,36,30,Alto
38,36,35,34,28,Alto